just7bty|1
sagarika1411|1
shubham_gole_poetry|1
nausheen_noora|1
sanjana_basor|1
samyak.gyaan|1
ajinkya_panchabudhe|1
riyalizations|1
reachsarthak|1
abhinav.paigwar|1
kiruba_shankaran|1
bhatakuuu|1
lavmittal26|1
deeepak.agrawal|1
bhatt.aayush|1
sabarinath_r_nair|1
surabhiiiagarwal|1
riyaawaghmare|1
demta.as|1
sdg.2512|1
babbu296|-1
sharwari_99|-1
athish_ganesh|-1
i_wallflower|-1
vinayak.kori_|-1
roysohan|-1
iim_shop_india|-1
mai_tarun|-1
swapnilgawai4.0|-1
the_stone_wall_saga|-1
ughh_whateva|-1
santylockd|-1
gaikwadonkar44|-1
nemo_vansh|-1
jeffy_soza|-1
aditya_kaloge|-1
_harshadkumbhare_|-1
ameer_indeed|-1
srishhhhtiiiiii|-1
vivekmanchandia|-1
dimple.doshi96|-1
nehabansod09|-1
aumtalaviya|-1
palakgrg|-1
jana_kavi_sankar|-1
pooja_8239|-1
varshaaramann|-1
mitalee_kulkarni|-1
such_it_a|-1
aekansh.jain|-1
pragyabinjwa|-1
adhip_garg|-1
_mahendra_98|-1
pisal__ashish___|-1
kajalfitkiriwala|-1
pragati.mohapatra|-1
inss10may|-1
somubgne938|-1
vishwang_|-1
prabal_agrawal|-1
manasatamilselvan|-1
chayanikaborah_|-1
namrata14|-1
aayushgupta443|-1
ajay_balaji._|-1
cold_n_cruel|-1
aniket_thakur_24|-1
abhilash_pv892|-1
kamalesh.manoharan|-1
harisankar.arvindkanna|-1
mansim0|-1
vatsmankodi|-1
aashritha_bolla|-1
nikhil.sadish|-1
abishek.ramesh.7|-1
bhargav.chauhan7|-1
__shivansh_mishra|-1
akxxhay_|-1
roshni_bhattacharya|-1
avantikamaheshwarii|-1
nv__ayush|-1
rohithsivaganesh1|-1
manu._.chauhan|-1
venkataraman_manickanatesan|-1
brain.stormed|-1
haneena_confessions_v2|-1
dhanashree_revagade|-1
are_junee|-1
sha.amd|-1
pavneet1407|-1
struggle_and_strife|-1
pallabkganguly|-1
srmajiprince|-1
raj_mp99|-1
hardik_mall|-1
_anirban_sinha|-1
the_skeptical_kid|-1
bhavini_bhatnagar|-1
susmithamaddukuri|-1
douchediaries|-1
mr.xeno_0|-1
coffee_questionmark|-1
so_hamble|-1
ssp_2210|-1
suhasshekar27|-1
_jainnsid|-1
__risk2401|-1
yeh__raaz|-1
ak.abhishek_04|-1
__mansee__|-1
the_stupid_tushar|-1
sahil.kumar2997|-1
da.silentmonk|-1
phalakkk|-1
gaurav8_97|-1
diksha.sharma18|-1
ehab_nt|-1
ambar_tayde|-1
elanchithiran_98|-1
sonal_kanodia|-1
rashesh_vagadia97|-1
_mayank_goyal|-1
me_wagish|-1
bharghvi.p|-1
kamna_lohra|-1
akshay_bhamare87|-1
salil.gupta95|-1
rajasshahade|-1
notfakevarun|-1
mayanksahu1104|-1
i.am.an.ant|-1
bhandare_atul|-1
gvm_vamshi|-1
vandanarolan|-1
guidemethrough22|-1
manasi.v.deshpande|-1
saurabhjaiswal.me|-1
pin_chin123|-1
xeno__verse|-1
abhishek_jagatap|-1
krish_matreja|-1
imsupravo|-1
csg_1729|-1
krishnawadhwa_|-1
satya.nirala.54|-1
loui_pegu|-1
chiraggguptaa|-1
kalyalakshmisainath|-1
kuuunaaalll|-1
shawty.need.serotonin|-1
deep_of_planet_earth|-1
meghanaaa7|-1
parth8a|-1
vinaykmr96|-1
riteshzd|-1
daily_dilemma__|-1
sarma.pratyai|-1
why_bhanshu|-1
priyaankaaab|-1
saileshramesh12|-1
_justanotherstranger__|-1
srubabatibasu|-1
sakshi_bihani_|-1
subarna__sahoo|-1
gargi_sinhasarkar|-1
dannyb9693|-1
surbhi_bhati_|-1
xaroor|-1
daivanti_thakare|-1
ishikabansal._|-1
shashu_0112|-1
ritesh.pandey|-1
siddharth_rajkumar|-1
shivam_nakod|-1
sagarikkka|-1
iam_hamanth|-1
___tigga___|-1
mukul6619|-1
_neginikhil|-1
jay_patel_0.0|-1
himalaynaik|-1
nsameeksharai|-1
khushalibilare|-1
ajinkya.june|-1
mahesh_gadhe_|-1
mohamedsarfraz|-1
rau.hal|-1
pandeprabhav|-1
sushmitabasumatary|-1
gunsa__irma|-1
shubh4world|-1
vaishnavisalunke|-1
rashichandola|-1
vyomesh.tewari|-1
the_cooing_bird|-1
_iron_hulk|-1
ankit_kishore_|-1
swastik_55|-1
aminoor16|-1
prashant.c95|-1
_harsh_vardhan|-1
parth_chavda_9945|-1
nuhad_bardai|-1
akshay.mandar|-1
tizsaini|-1
_thisisnivi_|-1
aseeskaur97|-1
ruchabokade|-1
alokistic|-1
tashi_agrawal|-1
adithya0996|-1
chiru141|-1
mayuresh.26bk|-1
_._purvaja_._|-1
ommy1707|-1
singh.monikaaaa|-1
arka_mal|-1
arun_krishhnan|-1
sanya_monga|-1
anshul_bhan|-1
abhilashaa3|-1
gshashank9798|-1
fedbeat|-1
likhith.vempa|-1
wannabe_parinda|-1
shubumm.jpg|-1
notfromajmer_a|-1
averagebengalee|-1
krushi.bandi|-1
shruthipillai02|-1
modipragya97|-1
sarath_1097|-1
ag.parikshit|-1
sakthi_balan_chandra|-1
_nimish_k|-1
iamalok____|-1
being_mayurrr|-1
ankit_kumar900|-1
r.a.h.u.l.d.a.s|-1
uddipta_deuri|-1
vikrant_syal|-1
shiiwum|-1
amalendu_dwivedi|-1
oleander_girl_|-1
shubhamnhishuvam|-1
_saurabhwankhede|-1
k_uber_|-1
_suchet_|-1
ramya_2o22|-1
sathya_____m|-1
rishabh_bhawar|-1
utkarshsahuu|-1
suresh_sai_ram|-1
